titulo,url
Analista de Datos y Control de la Producción - Huacho,https://www.bumeran.com.pe/empleos/analista-de-datos-y-control-de-la-produccion-huacho-redondos-s.a.-1118023190.html
Analista Comercial de base de datos Junior / Rubro Financiero,https://pe.computrabajo.com/trabajo-de-analista-de-datos?pubdate=1#64AD8C24AF9E9B0861373E686DCF3405
Analista de Categoría/Category Retail,https://pe.computrabajo.com/trabajo-de-analista-de-datos?pubdate=1#CB082911603A08F961373E686DCF3405
Escuela de Analistas de Crédito / Paucartambo,https://pe.computrabajo.com/trabajo-de-analista-de-datos?pubdate=1#4A14F03F98D437C861373E686DCF3405
Escuela de Analista de créditos / Ag. Santo Tomás,https://pe.computrabajo.com/trabajo-de-analista-de-datos?pubdate=1#EF28A300FDE18A0061373E686DCF3405
Escuela de Analista de créditos / Ag. Paruro,https://pe.computrabajo.com/trabajo-de-analista-de-datos?pubdate=1#42DDACDDDC023CAD61373E686DCF3405
Escuela de Analista de créditos / Madre de Dios,https://pe.computrabajo.com/trabajo-de-analista-de-datos?pubdate=1#52927EA49F3FCF8061373E686DCF3405
Supervisor de Almacén // Turno Día,https://pe.computrabajo.com/trabajo-de-analista-de-datos?pubdate=1#A05827FFE70E7FAE61373E686DCF3405
Coordinador de Estudios Cuantitativos,https://pe.computrabajo.com/trabajo-de-analista-de-datos?pubdate=1#7D8FCEC2124EA2F761373E686DCF3405
Analista Jr de Planeamiento de Abastecimiento,https://pe.computrabajo.com/trabajo-de-analista-de-datos?pubdate=1#B22BD18F644C075A61373E686DCF3405
Analista de Sourcing / Generación de leads / Presencial / Fines de semana off,https://pe.computrabajo.com/trabajo-de-analista-de-datos?pubdate=1#EA58A9626B55133061373E686DCF3405
Analista de Reclutamiento y Seleccion procesos Masivos Lider,https://pe.computrabajo.com/trabajo-de-analista-de-datos?pubdate=1#5C9DDE02A84FF40961373E686DCF3405
Analista Funcional y QA Junior,https://pe.computrabajo.com/trabajo-de-analista-de-datos?pubdate=1#F660A387192C2E9A61373E686DCF3405
Analista de Selección y Desarrollo,https://pe.computrabajo.com/trabajo-de-analista-de-datos?pubdate=1#1BE0AB11BF9EC0FE61373E686DCF3405
Escuela de Analista de créditos / Ag. Camaná,https://pe.computrabajo.com/trabajo-de-analista-de-datos?pubdate=1#275277BEFDCD419061373E686DCF3405
Asistente de despacho y Analista de Almacén,https://pe.computrabajo.com/trabajo-de-analista-de-datos?pubdate=1#793D53226F5FA79461373E686DCF3405
Jefe / Analista senior de Marketing digital / trade / Retail,https://pe.computrabajo.com/trabajo-de-analista-de-datos?pubdate=1#C58B2B06DA90D02761373E686DCF3405
Analista Comercial y Licitaciones,https://pe.computrabajo.com/trabajo-de-analista-de-datos?pubdate=1#50DAD28BD105D57861373E686DCF3405
Analista De Logistica Compras por 20 días / Linea amarilla/ Arequipa (Ref: 88646),https://pe.computrabajo.com/trabajo-de-analista-de-datos?pubdate=1#408E9EE1578A2C0961373E686DCF3405
Analista de GTR,https://pe.computrabajo.com/trabajo-de-analista-de-datos?pubdate=1#93881A8A9773A40061373E686DCF3405
Asistente de categoria/La Victoria,https://pe.computrabajo.com/trabajo-de-analista-de-datos?pubdate=1#A282B84AC2584A7A61373E686DCF3405
Analista de sistemas,https://pe.computrabajo.com/trabajo-de-analista-de-datos?pubdate=1#9782BE60E4A3390161373E686DCF3405
Analista de Reclutamiento y Selección Senior,https://pe.computrabajo.com/trabajo-de-analista-de-datos?pubdate=1#3831E98B44CB69AE61373E686DCF3405
Analista de Reclutamiento y Selección,https://pe.computrabajo.com/trabajo-de-analista-de-datos?pubdate=1#746591A6459F043161373E686DCF3405
Analista Programador Junior,https://pe.computrabajo.com/trabajo-de-analista-de-datos?pubdate=1#D36F511EC775A65761373E686DCF3405
Analista Contable,https://pe.computrabajo.com/trabajo-de-analista-de-datos?pubdate=1#9FA2AC3FA635CA1661373E686DCF3405
Analista Programador,https://pe.computrabajo.com/trabajo-de-analista-de-datos?pubdate=1#DE9F20EEC2EF63E461373E686DCF3405
Analista de Inventario,https://pe.computrabajo.com/trabajo-de-analista-de-datos?pubdate=1#AF1898E687FE960161373E686DCF3405
Analista de gestión proyectos,https://pe.computrabajo.com/trabajo-de-analista-de-datos?pubdate=1#E095158C68E527B361373E686DCF3405
Analista Programador Senior,https://pe.computrabajo.com/trabajo-de-analista-de-datos?pubdate=1#948CC99B24C4178561373E686DCF3405
Supervisor de Almacén // Turno Día,https://pe.computrabajo.com/trabajo-de-analista-de-datos?pubdate=1#AB9339C9D07EFE1261373E686DCF3405
Analista Comercial y Licitaciones,https://pe.computrabajo.com/trabajo-de-analista-de-datos?pubdate=1#EF1FD8D38E640E5161373E686DCF3405
Supervisor de Almacén // Turno Día,https://pe.computrabajo.com/trabajo-de-analista-de-datos?pubdate=1#16AD804CD9A77BD161373E686DCF3405
Supervisor de Almacén // Turno Día,https://pe.computrabajo.com/trabajo-de-analista-de-datos?pubdate=1#A6001EFBD7F8848F61373E686DCF3405
Asesor Telemarketing / Carreras pregrado UTP,https://pe.computrabajo.com/trabajo-de-analista-de-datos?pubdate=1#ABE69FE66BD0996161373E686DCF3405
Konecta! Asesor de Ventas C/S Experiencia (8:00 am a 3:00 pm),https://pe.computrabajo.com/trabajo-de-analista-de-datos?pubdate=1#8C537BB79089169561373E686DCF3405
Asesor Comercial para Entidad Financiera,https://pe.computrabajo.com/trabajo-de-analista-de-datos?pubdate=1#67A1C734184ACA3461373E686DCF3405
Asesor Inmobiliario,https://pe.computrabajo.com/trabajo-de-analista-de-datos?pubdate=1#296246E0B4C8595F61373E686DCF3405
Asesor/a de Créditos Scotiabank,https://pe.computrabajo.com/trabajo-de-analista-de-datos?pubdate=1#A68F187ADC6D154061373E686DCF3405
Asesor de Créditos por Convenio,https://pe.computrabajo.com/trabajo-de-analista-de-datos?pubdate=1#75766ECF7504BB9561373E686DCF3405
Asesor/a Comercial Banco Santander Cajamarca,https://pe.computrabajo.com/trabajo-de-analista-de-datos?pubdate=1#EE87B726B3FCA91961373E686DCF3405
Asesor de Servicio Automotriz (Pueblo libre),https://pe.computrabajo.com/trabajo-de-analista-de-datos?pubdate=1#C2057CAC521DD5C161373E686DCF3405
Asesor de Ventas/Call Center / Turno Tarde / Planilla Completa + ingreso inmediato,https://pe.computrabajo.com/trabajo-de-analista-de-datos?pubdate=1#E34C5AA8FC80690C61373E686DCF3405
Trabaja con nosotros!! Asesor Comercial para trabajar en el Banco Scotiabank!!,https://pe.computrabajo.com/trabajo-de-analista-de-datos?pubdate=1#9DD0AF85618B07F561373E686DCF3405
Asesor Comercial de Campo B2B,https://pe.computrabajo.com/trabajo-de-analista-de-datos?pubdate=1#AC48712DCF7E945261373E686DCF3405
Asesor Comercial (salario s/. 1800 a 2000 + comisiones ilimitadas),https://pe.computrabajo.com/trabajo-de-analista-de-datos?pubdate=1#D650E7850CD6C9E561373E686DCF3405
UPN: Asesor de Ventas / Campus Cajamarca,https://pe.computrabajo.com/trabajo-de-analista-de-datos?pubdate=1#B5B0305216C5DED761373E686DCF3405
Asesor comercial de prestamos personales entidad financiera de 1er nivel Chiclayo,https://pe.computrabajo.com/trabajo-de-analista-de-datos?pubdate=1#7239C7FDF67E223561373E686DCF3405
Analista de Procesos Sector Salud Seguros Planilla Completa Sede Miraflores,https://pe.computrabajo.com/trabajo-de-analista-de-datos?pubdate=1#BB2A725BFCB598E261373E686DCF3405
Asesor de Negocio de Créditos para San Martín / Tocache,https://pe.computrabajo.com/trabajo-de-analista-de-datos?pubdate=1#9A21C4FCEB8B158B61373E686DCF3405
Asesor de Negocio de Créditos para Villa el Salvador,https://pe.computrabajo.com/trabajo-de-analista-de-datos?pubdate=1#C3CBECE72509AB1761373E686DCF3405
Asesor de Negocio de Créditos para Chupaca,https://pe.computrabajo.com/trabajo-de-analista-de-datos?pubdate=1#4D7AF9BEF022E74961373E686DCF3405
Asesor de Negocios: Cajamarca,https://pe.computrabajo.com/trabajo-de-analista-de-datos?pubdate=1#BC2174AB331FF35E61373E686DCF3405
Asesor Comercial para Banco Scotiabank,https://pe.computrabajo.com/trabajo-de-analista-de-datos?pubdate=1#97D252CEC0A0E76B61373E686DCF3405
Asesor de Convenios para Banco Scotiabank,https://pe.computrabajo.com/trabajo-de-analista-de-datos?pubdate=1#C4441BA39FF3A17E61373E686DCF3405
Asesor de Prestamos Personales – Entidad Financiera de 1er Nivel – Trujillo,https://pe.computrabajo.com/trabajo-de-analista-de-datos?pubdate=1#8CD35F49039E4A5361373E686DCF3405
UPN: Asesor de Ventas / Campus Trujillo,https://pe.computrabajo.com/trabajo-de-analista-de-datos?pubdate=1#80907B87BFFE4F3C61373E686DCF3405
Asesor de Admisión / Gestor de Cartas de Garantía,https://pe.computrabajo.com/trabajo-de-analista-de-datos?pubdate=1#5BA2096E2A1B0DC761373E686DCF3405
analista comercial,https://pe.computrabajo.com/trabajo-de-analista-de-datos?pubdate=1#103933A0EFF71D6F61373E686DCF3405
Asesor Técnico Comercial,https://pe.computrabajo.com/trabajo-de-analista-de-datos?pubdate=1#BD048C01DA50AD5061373E686DCF3405
Asesor Educativo Comercial,https://pe.computrabajo.com/trabajo-de-analista-de-datos?pubdate=1#C3BBA7E7347A751661373E686DCF3405
Asesor Educativo Comercial,https://pe.computrabajo.com/trabajo-de-analista-de-datos?pubdate=1#6F20E519145F8D0E61373E686DCF3405
Asesor Educativo Comercial,https://pe.computrabajo.com/trabajo-de-analista-de-datos?pubdate=1#B6C25BFBE007A3F461373E686DCF3405
Impulsa tu carrera como Asesor de Ventas BBVA – Crece con nosotros,https://pe.computrabajo.com/trabajo-de-analista-de-datos?pubdate=1#E365CD7FDA52B9DE61373E686DCF3405
