fuente,titulo,url
Indeed,Analista de Medios Junior,https://pe.indeed.com/pagead/clk?mo=r&ad=-6NYlbfkN0ADaYNZQ5JcXQfDAdJwKDQLj7jaKG7QJP_mos_bqq65slt_ckrcgENUE9x94YfstdmqFesei5E2fOkVXZ4tDlifJlmSfsnpE5CwO0MgTferL8dUEYv6oLkhTXh0Vfpjp8yYleRuQcFclR2Sk8hpH7KqmwpXVHd9F50XQHyI_tLgSIuwp17vCeuL7atgWemXzLgGdFjbpVxFZ744DU_5RXLobBvpxzfWmfQaJnLY8ySekPWQT3JSjPlxJMhBwouXqRrsFOMJLBLhPNhzXfsUeoUZMGQJ5hqYiXp98AvaTvfSD8HlW5YIbtjNZGqlnzamAkDPzIMlWdQnrMM7qaJWhn4Tyezmac3ETIHBDShCQ0d_EYmJWyJwC7BGEey_g6vJSj4ljJLnZdxqRmkcQx0uxBz8UJAxJaXQ8p3mWU2WX_1t59Ozy3YoNmgkbl2PqNZIvxIz4m4e4N_2DV-6zzGN2v1ueOQIxhxEQvL7U7z562sDYYKUcdVUAl53M2P_4rljb0q3DRXL82bzIDPbEStrASCV9rcHqVxX-DI8RsUTUyBnt8demszo6OtDKy9Ogh8_9D9HTitk4i73TT9pTgxsXT64oOVXjBeWZ1mvg_wDU_VvpOSVJQUCHevUEjlkGgVTFjhRLJqXl9_7-sVM_JGgmyxK5o-2IAP49wg=&xkcb=SoCZ6_M3rdLopcSEVp0LbzkdCdPP&camk=UoKtGZLa3XJJsX59tNogEQ==&p=0&fvj=0&vjs=3
Indeed,Analista de Producto en Agencia de Viajes Internacional,https://pe.indeed.com/pagead/clk?mo=r&ad=-6NYlbfkN0A9pRAwvYS2__jgZK2Xx6XOHvKes8MU1yihe8p049du-74U303e1fJQLYchKdaRo8yLQUrbAn_ra6JwAOONbvTFgMYLxraWCv-Is9J0n4E_lQAyB4qIB4l4C_m6RSe6Vy_8PsxxWarODsJXPdvhOsq1Ig_y7LvcEC7Hn1Zh-Rg5B8J3u9rmXlVcEbIEXFpgnmdT7sSYy1TWHKQJ0Q8n9WiOzoeYgzwZNndt0LndOxitrADggacufYxI6mYWpcLYpUaQZ-GwsZw4AFGMRXmwHLB6Dz83aOAmUpmdkQUA2FwtqFw9T3hcIdcm-6UaG3Oj_Vx80Jqs4KEl7iCY-xDDTdu9ztyADxAXxK8wed-Yl4w2qqOzjB98fyMiOeOILrbRb3gm5XI7knMzN6HrQeXy-RUJkdmDcVjjRsWhDG-JZCOanJW6p540-KN3MMiFfMCWs0Xp9Vacu0I7xnI2ljSWvmFxMLX4WA7J3K6Z37HDxg2vD2A_NC8fM5b1UleuRUPA-6ZIUJXvz-6KRAE6BJPz_A_2blzj15RaqdA4fyzqJ0EI7WJULyC9GkKxHoYQqQd1Agr4d92gDC4v8cjN0skGkOWtI5Gsep13WnQgXaCw_qvNAbtOSijswnWsv4XCizJlvxKqrOCN67nQUC_aQf4ATbbyD29KmiOUOfeEoEyJl4C9WJShfvMQ7_ShGDFsxBWWSHI6MAzgtX2AAg==&xkcb=SoAt6_M3rdLopcSEVp0KbzkdCdPP&camk=UoKtGZLa3XLxeGqgeDOuTw==&p=1&fvj=0&vjs=3
Indeed,Analista de Power BI,https://pe.indeed.com/viewjob?jk=ca8ce80927668c46
Indeed,Analista de datos CX Jr (100% remoto) - Better Commerce,https://pe.indeed.com/viewjob?jk=f7019ff8b30d9539
Indeed,Analista Administrativo,https://pe.indeed.com/viewjob?jk=b40f811858075c58
Indeed,ANALISTA DE DATOS Y AUTOMATIZACIÓN DE EXPERIENCIA AL CLIENTE,https://pe.indeed.com/viewjob?jk=707e66803f1e11df
Indeed,Analista de Renta Fija,https://pe.indeed.com/viewjob?jk=a305da3f3f36ff9c
Indeed,Analista Funcional de TI,https://pe.indeed.com/viewjob?jk=acc2232d5cf6f333
Indeed,Analista Programador FrontEnd,https://pe.indeed.com/viewjob?jk=75334173c8306f30
Indeed,Analista de Sistemas con Nivel Técnico,https://pe.indeed.com/viewjob?jk=1d14ceed272429bf
Indeed,Analista Sr. de Compliance,https://pe.indeed.com/viewjob?jk=bdf5d9087d0eb6f3
Indeed,Analista Público,https://pe.indeed.com/viewjob?jk=03965b4ef3c2d87b
Indeed,Analista de Administración de Personal,https://pe.indeed.com/viewjob?jk=b5a175dda5da0951
Indeed,Analista Financiero Senior (170174),https://pe.indeed.com/viewjob?jk=3cdd68b0112ba068
Indeed,Analista de Mejora Continua - Callao,https://pe.indeed.com/viewjob?jk=ec8f4fe241a0d24a
Indeed,Analista Administrativo,https://pe.indeed.com/viewjob?jk=45ab7ffcf3dca317
Indeed,Operador Servicios,https://pe.indeed.com/viewjob?jk=97c53fbe4b6836c6
Indeed,ANALISTA DE ADMINISTRACION CONTRACTUAL,https://pe.indeed.com/viewjob?jk=25ebf4089c6af7d7
Indeed,ANALISTA DE ATRACCION DEL TALENTO,https://pe.indeed.com/viewjob?jk=a79333b514ac6bb2
Indeed,Analista de Monitoreo y Observabilidad TI (infraestructura),https://pe.indeed.com/viewjob?jk=86f3856b77bccdea
Indeed,Analista de nóminas,https://pe.indeed.com/viewjob?jk=4891f931887b82a5
Indeed,Analista de Planillas,https://pe.indeed.com/viewjob?jk=176dea9e31399716
Indeed,Analista Control de Inventario,https://pe.indeed.com/viewjob?jk=5585969c0b67f907
Indeed,Analista de Logistica e Importaciones,https://pe.indeed.com/viewjob?jk=d59d6d36fa756e6f
Indeed,Analista Gestión Comercial,https://pe.indeed.com/viewjob?jk=1c6f9daba439ecbb
Indeed,COORDINADOR / A DE IMPORTACIONES,https://pe.indeed.com/viewjob?jk=1d7720845073f8d2
Indeed,Data Analytics / Analista de Datos - Sede Pueblo Libre,https://pe.indeed.com/viewjob?jk=7ddee5d7eac9f674
Indeed,Analista de Operaciones / Logística (Centro histórico de Lima)),https://pe.indeed.com/viewjob?jk=77aaa4533530659f
Indeed,Analista de Laboratorio Físico Química,https://pe.indeed.com/viewjob?jk=f293d4989e98a720
Indeed,Analista de Distribución,https://pe.indeed.com/viewjob?jk=3405eaf47fe63fb8
Indeed,Analista Contable Administrativo Con experiencia en Big 4,https://pe.indeed.com/viewjob?jk=cb37227d1ce6d64c
Indeed,Analista de Costos de Producción,https://pe.indeed.com/viewjob?jk=11d1cb1174b6eff6
Indeed,Analista de Créditos y Cobranzas,https://pe.indeed.com/viewjob?jk=358b77cb52e1a444
Indeed,Consultor y Auditor Interno en Norma ISO 9001 para organizaciones educativas,https://pe.indeed.com/viewjob?jk=b9dd3dc3f89752ef
Indeed,Analista monitoreo y mantenimiento POS-PIN PAD,https://pe.indeed.com/viewjob?jk=6cf156335b1c03fc
Indeed,Analista de Compras y Comex,https://pe.indeed.com/viewjob?jk=2ba7fd36e152d572
Indeed,SUPERVISOR DE PRODUCCION DE CARPINTERIA DE ALUMINIO,https://pe.indeed.com/viewjob?jk=ed79543d8fd42825
Indeed,ANALISTA DE COMPRAS 202502,https://pe.indeed.com/viewjob?jk=ab286cd5f33a943f
Indeed,Analista Comercial,https://pe.indeed.com/viewjob?jk=b9e1323026a31bcb
Indeed,SE BUSCAN BACHILLERES CON EXPERIENCIA EN ATENCIÓN TELEFÓNICA EN EL IDISTRITO DE SAN MARTIN DE PORRES,https://pe.indeed.com/viewjob?jk=26ce59dda3eb2f59
Indeed,Analista de Sistemas y TI,https://pe.indeed.com/viewjob?jk=1c89813c7a614987
Indeed,SUPERVISOR DE VENTAS III,https://pe.indeed.com/viewjob?jk=2d71f582ab452e30
Indeed,Analista Contable - Facturador,https://pe.indeed.com/viewjob?jk=d59750abd48e7020
Indeed,Analista Operativo de Microbiología - Cercado de Lima / URGENTE,https://pe.indeed.com/viewjob?jk=69b16e5a763a5da2
Indeed,SE BUSCAN BACHILLERES CON EXPERIENCIA EN ATENCIÓN TELEFÓNICA EN EL IDISTRITO DE SAN MARTIN DE PORRES,https://pe.indeed.com/viewjob?jk=0d18d6c333ab464e
Indeed,SE BUSCAN BACHILLERES CON EXPERIENCIA EN ATENCIÓN TELEFÓNICA EN EL DISTRITO DE SAN MARTIN DE PORRES,https://pe.indeed.com/viewjob?jk=7817ccc66da39c42
Indeed,Supervisor de Venta / BanBif/ Lima,https://pe.indeed.com/viewjob?jk=c114eebb0f743c59
